method,structure,cdr,filename,rmsd,seqid,dG_gen,dG_ref,ddG
codesign_single,3QHF_Fv.pdb,H_CDR1,0055.pdb,2.027555,44.444444,0.000000,0.000000,0.000000
codesign_single,3QHF_Fv.pdb,H_CDR1,0063.pdb,2.024717,55.555556,0.000000,0.000000,0.000000
codesign_single,3QHF_Fv.pdb,H_CDR3,0067.pdb,2.055049,26.315789,0.000000,0.000000,0.000000
codesign_single,3QHF_Fv.pdb,L_CDR3,0050.pdb,1.686932,25.000000,0.000000,0.000000,0.000000
codesign_single,3QHF_Fv.pdb,H_CDR1,0089.pdb,2.561563,55.555556,0.000000,0.000000,0.000000
codesign_single,3QHF_Fv.pdb,H_CDR3,0087.pdb,5.312750,22.222222,0.000000,0.000000,0.000000
codesign_single,3QHF_Fv.pdb,L_CDR3,0015.pdb,1.488616,33.333333,0.000000,0.000000,0.000000
codesign_single,3QHF_Fv.pdb,L_CDR3,0007.pdb,1.225614,41.666667,0.000000,0.000000,0.000000
codesign_single,3QHF_Fv.pdb,L_CDR3,0054.pdb,1.337529,50.000000,0.000000,0.000000,0.000000
codesign_single,3QHF_Fv.pdb,L_CDR3,0013.pdb,1.709132,50.000000,0.000000,0.000000,0.000000
codesign_single,3QHF_Fv.pdb,L_CDR3,0040.pdb,1.211245,58.333333,0.000000,0.000000,0.000000
codesign_single,3QHF_Fv.pdb,L_CDR3,0043.pdb,2.206710,33.333333,0.000000,0.000000,0.000000
codesign_single,3QHF_Fv.pdb,H_CDR3,0077.pdb,2.686696,33.333333,0.000000,0.000000,0.000000
codesign_single,3QHF_Fv.pdb,H_CDR1,0034.pdb,1.415226,66.666667,0.000000,0.000000,0.000000
codesign_single,3QHF_Fv.pdb,H_CDR1,0028.pdb,1.928264,55.555556,0.000000,0.000000,0.000000
codesign_single,3QHF_Fv.pdb,H_CDR1,0066.pdb,1.747430,55.555556,0.000000,0.000000,0.000000
codesign_single,3QHF_Fv.pdb,H_CDR3,0062.pdb,6.724174,31.250000,0.000000,0.000000,0.000000
codesign_single,3QHF_Fv.pdb,H_CDR1,0099.pdb,1.630103,55.555556,0.000000,0.000000,0.000000
codesign_single,3QHF_Fv.pdb,L_CDR3,0088.pdb,1.159036,50.000000,0.000000,0.000000,0.000000
codesign_single,3QHF_Fv.pdb,H_CDR1,0040.pdb,2.556068,66.666667,0.000000,0.000000,0.000000
codesign_single,3QHF_Fv.pdb,L_CDR3,0059.pdb,1.491321,50.000000,0.000000,0.000000,0.000000
codesign_single,3QHF_Fv.pdb,H_CDR1,0054.pdb,2.245896,55.555556,0.000000,0.000000,0.000000
codesign_single,3QHF_Fv.pdb,L_CDR3,0001.pdb,2.130992,33.333333,0.000000,0.000000,0.000000
codesign_single,3QHF_Fv.pdb,H_CDR3,0078.pdb,4.584237,14.285714,0.000000,0.000000,0.000000
codesign_single,3QHF_Fv.pdb,H_CDR3,0007.pdb,6.255918,25.000000,0.000000,0.000000,0.000000
codesign_single,3QHF_Fv.pdb,L_CDR3,0075.pdb,1.352391,41.666667,0.000000,0.000000,0.000000
codesign_single,3QHF_Fv.pdb,L_CDR3,0065.pdb,0.887711,41.666667,0.000000,0.000000,0.000000
codesign_single,3QHF_Fv.pdb,H_CDR1,0036.pdb,1.714975,77.777778,0.000000,0.000000,0.000000
codesign_single,3QHF_Fv.pdb,L_CDR3,0086.pdb,1.249296,50.000000,0.000000,0.000000,0.000000
codesign_single,3QHF_Fv.pdb,H_CDR3,0054.pdb,4.119188,10.000000,0.000000,0.000000,0.000000
codesign_single,3QHF_Fv.pdb,H_CDR3,0029.pdb,3.901299,0.000000,0.000000,0.000000,0.000000
codesign_single,3QHF_Fv.pdb,H_CDR1,0078.pdb,2.379714,33.333333,0.000000,0.000000,0.000000
codesign_single,3QHF_Fv.pdb,H_CDR3,0086.pdb,5.437810,8.333333,0.000000,0.000000,0.000000
codesign_single,3QHF_Fv.pdb,H_CDR3,0053.pdb,3.391517,31.250000,0.000000,0.000000,0.000000
codesign_single,3QHF_Fv.pdb,H_CDR3,0081.pdb,6.037299,25.000000,0.000000,0.000000,0.000000
codesign_single,3QHF_Fv.pdb,L_CDR3,0037.pdb,0.832321,50.000000,0.000000,0.000000,0.000000
codesign_single,3QHF_Fv.pdb,L_CDR3,0032.pdb,1.852430,58.333333,0.000000,0.000000,0.000000
codesign_single,3QHF_Fv.pdb,H_CDR3,0013.pdb,7.976815,31.250000,0.000000,0.000000,0.000000
codesign_single,3QHF_Fv.pdb,H_CDR1,0075.pdb,2.069826,77.777778,0.000000,0.000000,0.000000
codesign_single,3QHF_Fv.pdb,H_CDR3,0016.pdb,5.219811,21.052632,0.000000,0.000000,0.000000
codesign_single,3QHF_Fv.pdb,H_CDR3,0079.pdb,4.523002,21.052632,0.000000,0.000000,0.000000
codesign_single,3QHF_Fv.pdb,H_CDR1,0027.pdb,1.767721,66.666667,0.000000,0.000000,0.000000
codesign_single,3QHF_Fv.pdb,H_CDR1,0024.pdb,2.068835,44.444444,0.000000,0.000000,0.000000
codesign_single,3QHF_Fv.pdb,H_CDR1,0093.pdb,1.278787,55.555556,0.000000,0.000000,0.000000
codesign_single,3QHF_Fv.pdb,H_CDR3,0071.pdb,5.081815,28.571429,0.000000,0.000000,0.000000
codesign_single,3QHF_Fv.pdb,H_CDR3,0070.pdb,3.053767,10.000000,0.000000,0.000000,0.000000
codesign_single,3QHF_Fv.pdb,H_CDR3,0038.pdb,3.743876,0.000000,0.000000,0.000000,0.000000
codesign_single,3QHF_Fv.pdb,L_CDR3,0094.pdb,1.123699,33.333333,0.000000,0.000000,0.000000
codesign_single,3QHF_Fv.pdb,L_CDR3,0082.pdb,1.355321,50.000000,0.000000,0.000000,0.000000
codesign_single,3QHF_Fv.pdb,H_CDR3,0034.pdb,4.690482,35.714286,0.000000,0.000000,0.000000
codesign_single,3QHF_Fv.pdb,H_CDR3,0045.pdb,6.797583,25.000000,0.000000,0.000000,0.000000
codesign_single,3QHF_Fv.pdb,L_CDR3,0096.pdb,1.369936,58.333333,0.000000,0.000000,0.000000
codesign_single,3QHF_Fv.pdb,H_CDR3,0037.pdb,4.361347,18.181818,0.000000,0.000000,0.000000
codesign_single,3QHF_Fv.pdb,H_CDR3,0080.pdb,6.308289,20.000000,0.000000,0.000000,0.000000
codesign_single,3QHF_Fv.pdb,L_CDR3,0044.pdb,1.173904,66.666667,0.000000,0.000000,0.000000
codesign_single,3QHF_Fv.pdb,H_CDR3,0058.pdb,5.254419,37.500000,0.000000,0.000000,0.000000
codesign_single,3QHF_Fv.pdb,H_CDR3,0057.pdb,4.285727,35.294118,0.000000,0.000000,0.000000
codesign_single,3QHF_Fv.pdb,H_CDR3,0033.pdb,3.317089,35.714286,0.000000,0.000000,0.000000
codesign_single,3QHF_Fv.pdb,H_CDR1,0011.pdb,2.258414,66.666667,0.000000,0.000000,0.000000
codesign_single,3QHF_Fv.pdb,H_CDR3,0042.pdb,2.944126,20.000000,0.000000,0.000000,0.000000
codesign_single,3QHF_Fv.pdb,L_CDR3,0074.pdb,1.448831,41.666667,0.000000,0.000000,0.000000
codesign_single,3QHF_Fv.pdb,H_CDR3,0063.pdb,5.583505,0.000000,0.000000,0.000000,0.000000
codesign_single,3QHF_Fv.pdb,H_CDR3,0036.pdb,6.355707,0.000000,0.000000,0.000000,0.000000
codesign_single,3QHF_Fv.pdb,H_CDR1,0058.pdb,2.818137,44.444444,0.000000,0.000000,0.000000
codesign_single,3QHF_Fv.pdb,L_CDR3,0033.pdb,1.319240,18.750000,0.000000,0.000000,0.000000
codesign_single,3QHF_Fv.pdb,H_CDR3,0074.pdb,5.068931,27.777778,0.000000,0.000000,0.000000
codesign_single,3QHF_Fv.pdb,H_CDR1,0084.pdb,1.926942,55.555556,0.000000,0.000000,0.000000
codesign_single,3QHF_Fv.pdb,L_CDR3,0053.pdb,1.349060,66.666667,0.000000,0.000000,0.000000
codesign_single,3QHF_Fv.pdb,H_CDR3,0030.pdb,5.265197,31.250000,0.000000,0.000000,0.000000
codesign_single,3QHF_Fv.pdb,H_CDR3,0012.pdb,2.242844,23.529412,0.000000,0.000000,0.000000
codesign_single,3QHF_Fv.pdb,H_CDR1,0082.pdb,2.032953,66.666667,0.000000,0.000000,0.000000
codesign_single,3QHF_Fv.pdb,L_CDR3,0070.pdb,1.008560,41.666667,0.000000,0.000000,0.000000
codesign_single,3QHF_Fv.pdb,H_CDR3,0083.pdb,6.577355,27.777778,0.000000,0.000000,0.000000
codesign_single,3QHF_Fv.pdb,H_CDR1,0043.pdb,2.567780,55.555556,0.000000,0.000000,0.000000
codesign_single,3QHF_Fv.pdb,H_CDR3,0023.pdb,4.980503,18.750000,0.000000,0.000000,0.000000
codesign_single,3QHF_Fv.pdb,H_CDR1,0047.pdb,2.366635,55.555556,0.000000,0.000000,0.000000
codesign_single,3QHF_Fv.pdb,H_CDR3,0093.pdb,4.800540,29.411765,0.000000,0.000000,0.000000
codesign_single,3QHF_Fv.pdb,H_CDR3,0088.pdb,1.950029,43.750000,0.000000,0.000000,0.000000
codesign_single,3QHF_Fv.pdb,H_CDR3,0055.pdb,7.349171,18.750000,0.000000,0.000000,0.000000
codesign_single,3QHF_Fv.pdb,H_CDR3,0076.pdb,5.160065,4.166667,0.000000,0.000000,0.000000
codesign_single,3QHF_Fv.pdb,H_CDR1,0014.pdb,1.129068,44.444444,0.000000,0.000000,0.000000
codesign_single,3QHF_Fv.pdb,L_CDR3,0098.pdb,1.696996,58.333333,0.000000,0.000000,0.000000
codesign_single,3QHF_Fv.pdb,L_CDR3,0064.pdb,1.907983,58.333333,0.000000,0.000000,0.000000
codesign_single,3QHF_Fv.pdb,L_CDR3,0077.pdb,0.917974,41.666667,0.000000,0.000000,0.000000
codesign_single,3QHF_Fv.pdb,H_CDR3,0005.pdb,3.916823,26.315789,0.000000,0.000000,0.000000
codesign_single,3QHF_Fv.pdb,H_CDR3,0050.pdb,7.522554,8.333333,0.000000,0.000000,0.000000
codesign_single,3QHF_Fv.pdb,L_CDR3,0084.pdb,1.130042,41.666667,0.000000,0.000000,0.000000
codesign_single,3QHF_Fv.pdb,H_CDR1,0020.pdb,2.078917,66.666667,0.000000,0.000000,0.000000
codesign_single,3QHF_Fv.pdb,H_CDR1,0070.pdb,1.915692,66.666667,0.000000,0.000000,0.000000
codesign_single,3QHF_Fv.pdb,L_CDR3,0027.pdb,1.462927,38.461538,0.000000,0.000000,0.000000
codesign_single,3QHF_Fv.pdb,H_CDR3,0028.pdb,3.768282,4.166667,0.000000,0.000000,0.000000
codesign_single,3QHF_Fv.pdb,L_CDR3,0046.pdb,1.100714,50.000000,0.000000,0.000000,0.000000
codesign_single,3QHF_Fv.pdb,H_CDR1,0029.pdb,1.662525,77.777778,0.000000,0.000000,0.000000
codesign_single,3QHF_Fv.pdb,H_CDR3,0084.pdb,4.358777,28.571429,0.000000,0.000000,0.000000
codesign_single,3QHF_Fv.pdb,H_CDR3,0094.pdb,5.552339,28.571429,0.000000,0.000000,0.000000
codesign_single,3QHF_Fv.pdb,H_CDR3,0059.pdb,6.534807,20.000000,0.000000,0.000000,0.000000
codesign_single,3QHF_Fv.pdb,H_CDR1,0061.pdb,2.639865,55.555556,0.000000,0.000000,0.000000
codesign_single,3QHF_Fv.pdb,H_CDR3,0052.pdb,4.472062,31.250000,0.000000,0.000000,0.000000
codesign_single,3QHF_Fv.pdb,H_CDR3,0003.pdb,7.342118,14.285714,0.000000,0.000000,0.000000
codesign_single,3QHF_Fv.pdb,H_CDR3,0024.pdb,4.996133,25.000000,0.000000,0.000000,0.000000
codesign_single,3QHF_Fv.pdb,H_CDR1,0053.pdb,1.317600,44.444444,0.000000,0.000000,0.000000
codesign_single,3QHF_Fv.pdb,H_CDR3,0032.pdb,4.683712,28.571429,0.000000,0.000000,0.000000
codesign_single,3QHF_Fv.pdb,H_CDR3,0047.pdb,5.457769,18.181818,0.000000,0.000000,0.000000
codesign_single,3QHF_Fv.pdb,H_CDR3,0014.pdb,5.553461,15.789474,0.000000,0.000000,0.000000
codesign_single,3QHF_Fv.pdb,H_CDR3,0043.pdb,2.459651,28.571429,0.000000,0.000000,0.000000
codesign_single,3QHF_Fv.pdb,H_CDR3,0091.pdb,4.740998,21.052632,0.000000,0.000000,0.000000
codesign_single,3QHF_Fv.pdb,H_CDR1,0052.pdb,2.182879,66.666667,0.000000,0.000000,0.000000
codesign_single,3QHF_Fv.pdb,H_CDR3,0099.pdb,4.654201,21.052632,0.000000,0.000000,0.000000
codesign_single,3QHF_Fv.pdb,L_CDR3,0006.pdb,1.370207,58.333333,0.000000,0.000000,0.000000
codesign_single,3QHF_Fv.pdb,H_CDR1,0057.pdb,1.637316,77.777778,0.000000,0.000000,0.000000
codesign_single,3QHF_Fv.pdb,H_CDR1,0026.pdb,1.685175,55.555556,0.000000,0.000000,0.000000
codesign_single,3QHF_Fv.pdb,L_CDR3,0085.pdb,1.404749,58.333333,0.000000,0.000000,0.000000
codesign_single,3QHF_Fv.pdb,H_CDR1,0097.pdb,2.557127,66.666667,0.000000,0.000000,0.000000
codesign_single,3QHF_Fv.pdb,H_CDR1,0018.pdb,1.285666,55.555556,0.000000,0.000000,0.000000
codesign_single,3QHF_Fv.pdb,L_CDR3,0018.pdb,1.871133,50.000000,0.000000,0.000000,0.000000
codesign_single,3QHF_Fv.pdb,H_CDR3,0039.pdb,4.708960,18.750000,0.000000,0.000000,0.000000
codesign_single,3QHF_Fv.pdb,L_CDR2,0006.pdb,2.102497,71.428571,0.000000,0.000000,0.000000
codesign_single,3QHF_Fv.pdb,L_CDR3,0028.pdb,1.577836,41.666667,0.000000,0.000000,0.000000
codesign_single,3QHF_Fv.pdb,H_CDR1,0041.pdb,2.236454,33.333333,0.000000,0.000000,0.000000
codesign_single,3QHF_Fv.pdb,H_CDR1,0092.pdb,1.378165,66.666667,0.000000,0.000000,0.000000
codesign_single,3QHF_Fv.pdb,L_CDR2,0027.pdb,1.898165,57.142857,0.000000,0.000000,0.000000
codesign_single,3QHF_Fv.pdb,H_CDR1,0048.pdb,1.427580,44.444444,0.000000,0.000000,0.000000
codesign_single,3QHF_Fv.pdb,H_CDR1,0064.pdb,1.623835,66.666667,0.000000,0.000000,0.000000
codesign_single,3QHF_Fv.pdb,L_CDR3,0003.pdb,1.017247,50.000000,0.000000,0.000000,0.000000
codesign_single,3QHF_Fv.pdb,L_CDR2,0094.pdb,1.678735,71.428571,0.000000,0.000000,0.000000
codesign_single,3QHF_Fv.pdb,H_CDR3,0048.pdb,3.085095,10.000000,0.000000,0.000000,0.000000
codesign_single,3QHF_Fv.pdb,H_CDR3,0061.pdb,1.972977,4.166667,0.000000,0.000000,0.000000
codesign_single,3QHF_Fv.pdb,H_CDR3,0019.pdb,5.856513,18.181818,0.000000,0.000000,0.000000
codesign_single,3QHF_Fv.pdb,H_CDR3,0022.pdb,2.795907,18.181818,0.000000,0.000000,0.000000
codesign_single,3QHF_Fv.pdb,H_CDR1,0069.pdb,1.299987,66.666667,0.000000,0.000000,0.000000
codesign_single,3QHF_Fv.pdb,H_CDR3,0051.pdb,5.853546,31.250000,0.000000,0.000000,0.000000
codesign_single,3QHF_Fv.pdb,H_CDR3,0018.pdb,5.627156,18.750000,0.000000,0.000000,0.000000
codesign_single,3QHF_Fv.pdb,H_CDR3,0072.pdb,3.605817,20.000000,0.000000,0.000000,0.000000
codesign_single,3QHF_Fv.pdb,H_CDR3,0065.pdb,4.166240,26.666667,0.000000,0.000000,0.000000
codesign_single,3QHF_Fv.pdb,L_CDR2,0028.pdb,2.040295,42.857143,0.000000,0.000000,0.000000
codesign_single,3QHF_Fv.pdb,L_CDR2,0077.pdb,2.209523,71.428571,0.000000,0.000000,0.000000
codesign_single,3QHF_Fv.pdb,L_CDR2,0002.pdb,2.079006,57.142857,0.000000,0.000000,0.000000
codesign_single,3QHF_Fv.pdb,L_CDR3,0011.pdb,1.045823,58.333333,0.000000,0.000000,0.000000
codesign_single,3QHF_Fv.pdb,L_CDR2,0011.pdb,1.829500,57.142857,0.000000,0.000000,0.000000
codesign_single,3QHF_Fv.pdb,L_CDR2,0098.pdb,1.798671,42.857143,0.000000,0.000000,0.000000
codesign_single,3QHF_Fv.pdb,L_CDR2,0073.pdb,1.848249,42.857143,0.000000,0.000000,0.000000
codesign_single,3QHF_Fv.pdb,L_CDR2,0084.pdb,1.831612,28.571429,0.000000,0.000000,0.000000
codesign_single,3QHF_Fv.pdb,H_CDR1,0002.pdb,2.053182,66.666667,0.000000,0.000000,0.000000
codesign_single,3QHF_Fv.pdb,H_CDR3,0046.pdb,7.844170,23.529412,0.000000,0.000000,0.000000
codesign_single,3QHF_Fv.pdb,H_CDR3,0056.pdb,6.344747,22.222222,0.000000,0.000000,0.000000
codesign_single,3QHF_Fv.pdb,L_CDR2,0075.pdb,2.174775,57.142857,0.000000,0.000000,0.000000
codesign_single,3QHF_Fv.pdb,L_CDR2,0049.pdb,1.944230,57.142857,0.000000,0.000000,0.000000
codesign_single,3QHF_Fv.pdb,H_CDR1,0056.pdb,1.495071,55.555556,0.000000,0.000000,0.000000
codesign_single,3QHF_Fv.pdb,H_CDR3,0095.pdb,3.211959,25.000000,0.000000,0.000000,0.000000
codesign_single,3QHF_Fv.pdb,L_CDR2,0050.pdb,1.975428,42.857143,0.000000,0.000000,0.000000
codesign_single,3QHF_Fv.pdb,L_CDR2,0062.pdb,2.145480,42.857143,0.000000,0.000000,0.000000
codesign_single,3QHF_Fv.pdb,H_CDR1,0068.pdb,1.865927,44.444444,0.000000,0.000000,0.000000
codesign_single,3QHF_Fv.pdb,L_CDR2,0007.pdb,1.937640,42.857143,0.000000,0.000000,0.000000
codesign_single,3QHF_Fv.pdb,H_CDR1,0009.pdb,2.109621,66.666667,0.000000,0.000000,0.000000
codesign_single,3QHF_Fv.pdb,L_CDR2,0054.pdb,1.891421,28.571429,0.000000,0.000000,0.000000
codesign_single,3QHF_Fv.pdb,H_CDR3,0004.pdb,3.511324,21.428571,0.000000,0.000000,0.000000
codesign_single,3QHF_Fv.pdb,H_CDR1,0030.pdb,2.137972,66.666667,0.000000,0.000000,0.000000
codesign_single,3QHF_Fv.pdb,L_CDR2,0078.pdb,1.546887,57.142857,0.000000,0.000000,0.000000
codesign_single,3QHF_Fv.pdb,H_CDR3,0069.pdb,6.490228,31.250000,0.000000,0.000000,0.000000
codesign_single,3QHF_Fv.pdb,H_CDR3,0011.pdb,4.274349,46.666667,0.000000,0.000000,0.000000
codesign_single,3QHF_Fv.pdb,H_CDR1,0095.pdb,1.379378,66.666667,0.000000,0.000000,0.000000
codesign_single,3QHF_Fv.pdb,L_CDR2,0024.pdb,1.913750,71.428571,0.000000,0.000000,0.000000
codesign_single,3QHF_Fv.pdb,L_CDR2,0035.pdb,2.101054,57.142857,0.000000,0.000000,0.000000
codesign_single,3QHF_Fv.pdb,H_CDR3,0082.pdb,2.343125,29.411765,0.000000,0.000000,0.000000
codesign_single,3QHF_Fv.pdb,H_CDR1,0060.pdb,1.444597,55.555556,0.000000,0.000000,0.000000
codesign_single,3QHF_Fv.pdb,H_CDR3,0089.pdb,3.990948,26.666667,0.000000,0.000000,0.000000
codesign_single,3QHF_Fv.pdb,L_CDR3,0029.pdb,1.597861,66.666667,0.000000,0.000000,0.000000
codesign_single,3QHF_Fv.pdb,H_CDR3,0010.pdb,3.498594,15.789474,0.000000,0.000000,0.000000
codesign_single,3QHF_Fv.pdb,L_CDR3,0026.pdb,1.640378,75.000000,0.000000,0.000000,0.000000
codesign_single,3QHF_Fv.pdb,L_CDR2,0022.pdb,1.769331,85.714286,0.000000,0.000000,0.000000
codesign_single,3QHF_Fv.pdb,H_CDR1,0037.pdb,1.902386,55.555556,0.000000,0.000000,0.000000
codesign_single,3QHF_Fv.pdb,L_CDR2,0033.pdb,1.927114,71.428571,0.000000,0.000000,0.000000
codesign_single,3QHF_Fv.pdb,L_CDR2,0026.pdb,1.796721,28.571429,0.000000,0.000000,0.000000
codesign_single,3QHF_Fv.pdb,L_CDR3,0005.pdb,1.507138,50.000000,0.000000,0.000000,0.000000
codesign_single,3QHF_Fv.pdb,L_CDR2,0064.pdb,1.777392,57.142857,0.000000,0.000000,0.000000
codesign_single,3QHF_Fv.pdb,L_CDR2,0097.pdb,1.623231,85.714286,0.000000,0.000000,0.000000
codesign_single,3QHF_Fv.pdb,L_CDR3,0047.pdb,0.986146,50.000000,0.000000,0.000000,0.000000
codesign_single,3QHF_Fv.pdb,L_CDR3,0089.pdb,1.524782,28.571429,0.000000,0.000000,0.000000
codesign_single,3QHF_Fv.pdb,L_CDR3,0056.pdb,0.925700,41.666667,0.000000,0.000000,0.000000
codesign_single,3QHF_Fv.pdb,H_CDR3,0017.pdb,3.406414,15.000000,0.000000,0.000000,0.000000
codesign_single,3QHF_Fv.pdb,H_CDR3,0068.pdb,5.606992,29.411765,0.000000,0.000000,0.000000
codesign_single,3QHF_Fv.pdb,H_CDR3,0060.pdb,2.531259,18.181818,0.000000,0.000000,0.000000
codesign_single,3QHF_Fv.pdb,L_CDR2,0021.pdb,2.084714,57.142857,0.000000,0.000000,0.000000
codesign_single,3QHF_Fv.pdb,H_CDR3,0002.pdb,7.473106,21.428571,0.000000,0.000000,0.000000
codesign_single,3QHF_Fv.pdb,L_CDR2,0067.pdb,1.852251,42.857143,0.000000,0.000000,0.000000
codesign_single,3QHF_Fv.pdb,L_CDR2,0055.pdb,1.974295,42.857143,0.000000,0.000000,0.000000
codesign_single,3QHF_Fv.pdb,H_CDR1,0001.pdb,1.629723,55.555556,0.000000,0.000000,0.000000
codesign_single,3QHF_Fv.pdb,H_CDR1,0046.pdb,1.829958,50.000000,0.000000,0.000000,0.000000
codesign_single,3QHF_Fv.pdb,L_CDR3,0039.pdb,1.058064,41.666667,0.000000,0.000000,0.000000
codesign_single,3QHF_Fv.pdb,H_CDR1,0071.pdb,2.275996,55.555556,0.000000,0.000000,0.000000
codesign_single,3QHF_Fv.pdb,L_CDR2,0087.pdb,1.946778,62.500000,0.000000,0.000000,0.000000
codesign_single,3QHF_Fv.pdb,L_CDR3,0079.pdb,2.258355,58.333333,0.000000,0.000000,0.000000
codesign_single,3QHF_Fv.pdb,L_CDR3,0022.pdb,1.537550,50.000000,0.000000,0.000000,0.000000
codesign_single,3QHF_Fv.pdb,L_CDR2,0060.pdb,2.006222,57.142857,0.000000,0.000000,0.000000
codesign_single,3QHF_Fv.pdb,L_CDR3,0031.pdb,1.835516,50.000000,0.000000,0.000000,0.000000
codesign_single,3QHF_Fv.pdb,L_CDR3,0090.pdb,1.928446,5.000000,0.000000,0.000000,0.000000
codesign_single,3QHF_Fv.pdb,L_CDR3,0030.pdb,1.222455,41.666667,0.000000,0.000000,0.000000
codesign_single,3QHF_Fv.pdb,H_CDR1,0080.pdb,1.899867,55.555556,0.000000,0.000000,0.000000
codesign_single,3QHF_Fv.pdb,L_CDR3,0042.pdb,1.676545,50.000000,0.000000,0.000000,0.000000
codesign_single,3QHF_Fv.pdb,L_CDR3,0036.pdb,1.104192,35.714286,0.000000,0.000000,0.000000
codesign_single,3QHF_Fv.pdb,L_CDR2,0003.pdb,2.088397,57.142857,0.000000,0.000000,0.000000
codesign_single,3QHF_Fv.pdb,L_CDR3,0021.pdb,1.247360,23.076923,0.000000,0.000000,0.000000
codesign_single,3QHF_Fv.pdb,H_CDR3,0040.pdb,3.305914,10.000000,0.000000,0.000000,0.000000
codesign_single,3QHF_Fv.pdb,L_CDR3,0097.pdb,1.491635,41.666667,0.000000,0.000000,0.000000
codesign_single,3QHF_Fv.pdb,L_CDR2,0018.pdb,1.935612,62.500000,0.000000,0.000000,0.000000
codesign_single,3QHF_Fv.pdb,H_CDR3,0085.pdb,4.887006,28.571429,0.000000,0.000000,0.000000
codesign_single,3QHF_Fv.pdb,L_CDR3,0062.pdb,1.702276,58.333333,0.000000,0.000000,0.000000
codesign_single,3QHF_Fv.pdb,L_CDR2,0092.pdb,1.785428,71.428571,0.000000,0.000000,0.000000
codesign_single,3QHF_Fv.pdb,L_CDR3,0087.pdb,1.571467,41.666667,0.000000,0.000000,0.000000
codesign_single,3QHF_Fv.pdb,L_CDR3,0023.pdb,1.779216,50.000000,0.000000,0.000000,0.000000
codesign_single,3QHF_Fv.pdb,H_CDR3,0000.pdb,3.194452,23.529412,0.000000,0.000000,0.000000
codesign_single,3QHF_Fv.pdb,H_CDR1,0062.pdb,2.005677,77.777778,0.000000,0.000000,0.000000
codesign_single,3QHF_Fv.pdb,L_CDR3,0058.pdb,1.133248,25.000000,0.000000,0.000000,0.000000
codesign_single,3QHF_Fv.pdb,L_CDR2,0015.pdb,2.138867,75.000000,0.000000,0.000000,0.000000
codesign_single,3QHF_Fv.pdb,H_CDR3,0049.pdb,3.022380,35.714286,0.000000,0.000000,0.000000
codesign_single,3QHF_Fv.pdb,L_CDR2,0051.pdb,1.979958,57.142857,0.000000,0.000000,0.000000
codesign_single,3QHF_Fv.pdb,L_CDR2,0076.pdb,1.948006,57.142857,0.000000,0.000000,0.000000
codesign_single,3QHF_Fv.pdb,L_CDR3,0034.pdb,1.776357,58.333333,0.000000,0.000000,0.000000
codesign_single,3QHF_Fv.pdb,L_CDR3,0000.pdb,1.127986,58.333333,0.000000,0.000000,0.000000
codesign_single,3QHF_Fv.pdb,L_CDR3,0076.pdb,1.090438,41.666667,0.000000,0.000000,0.000000
codesign_single,3QHF_Fv.pdb,L_CDR3,0080.pdb,1.264923,41.666667,0.000000,0.000000,0.000000
codesign_single,3QHF_Fv.pdb,L_CDR2,0079.pdb,1.961276,42.857143,0.000000,0.000000,0.000000
codesign_single,3QHF_Fv.pdb,H_CDR1,0042.pdb,1.417882,77.777778,0.000000,0.000000,0.000000
codesign_single,3QHF_Fv.pdb,L_CDR2,0044.pdb,2.091895,57.142857,0.000000,0.000000,0.000000
codesign_single,3QHF_Fv.pdb,H_CDR1,0087.pdb,1.810147,77.777778,0.000000,0.000000,0.000000
codesign_single,3QHF_Fv.pdb,L_CDR3,0020.pdb,1.337732,41.666667,0.000000,0.000000,0.000000
codesign_single,3QHF_Fv.pdb,H_CDR1,0059.pdb,1.312104,66.666667,0.000000,0.000000,0.000000
codesign_single,3QHF_Fv.pdb,L_CDR2,0025.pdb,1.836952,71.428571,0.000000,0.000000,0.000000
codesign_single,3QHF_Fv.pdb,H_CDR3,0015.pdb,8.042172,29.411765,0.000000,0.000000,0.000000
codesign_single,3QHF_Fv.pdb,L_CDR2,0072.pdb,2.015735,57.142857,0.000000,0.000000,0.000000
codesign_single,3QHF_Fv.pdb,H_CDR3,0020.pdb,2.591726,26.315789,0.000000,0.000000,0.000000
codesign_single,3QHF_Fv.pdb,L_CDR3,0068.pdb,1.061471,41.666667,0.000000,0.000000,0.000000
codesign_single,3QHF_Fv.pdb,H_CDR1,0004.pdb,1.771520,66.666667,0.000000,0.000000,0.000000
codesign_single,3QHF_Fv.pdb,H_CDR3,0027.pdb,5.678113,25.000000,0.000000,0.000000,0.000000
codesign_single,3QHF_Fv.pdb,L_CDR3,0041.pdb,0.730888,50.000000,0.000000,0.000000,0.000000
codesign_single,3QHF_Fv.pdb,H_CDR1,0019.pdb,1.858982,44.444444,0.000000,0.000000,0.000000
codesign_single,3QHF_Fv.pdb,L_CDR3,0091.pdb,1.655108,50.000000,0.000000,0.000000,0.000000
codesign_single,3QHF_Fv.pdb,L_CDR2,0000.pdb,2.009162,85.714286,0.000000,0.000000,0.000000
codesign_single,3QHF_Fv.pdb,L_CDR2,0082.pdb,1.932468,57.142857,0.000000,0.000000,0.000000
codesign_single,3QHF_Fv.pdb,H_CDR3,0090.pdb,2.920417,28.571429,0.000000,0.000000,0.000000
codesign_single,3QHF_Fv.pdb,L_CDR2,0020.pdb,1.898928,57.142857,0.000000,0.000000,0.000000
codesign_single,3QHF_Fv.pdb,L_CDR3,0009.pdb,1.348927,75.000000,0.000000,0.000000,0.000000
codesign_single,3QHF_Fv.pdb,H_CDR1,0050.pdb,1.456326,55.555556,0.000000,0.000000,0.000000
codesign_single,3QHF_Fv.pdb,L_CDR3,0048.pdb,2.055571,58.333333,0.000000,0.000000,0.000000
codesign_single,3QHF_Fv.pdb,L_CDR2,0009.pdb,2.154635,42.857143,0.000000,0.000000,0.000000
codesign_single,3QHF_Fv.pdb,L_CDR3,0061.pdb,2.048411,50.000000,0.000000,0.000000,0.000000
codesign_single,3QHF_Fv.pdb,L_CDR2,0031.pdb,2.144808,42.857143,0.000000,0.000000,0.000000
codesign_single,3QHF_Fv.pdb,L_CDR2,0023.pdb,1.815510,57.142857,0.000000,0.000000,0.000000
codesign_single,3QHF_Fv.pdb,L_CDR2,0004.pdb,1.843704,42.857143,0.000000,0.000000,0.000000
codesign_single,3QHF_Fv.pdb,L_CDR2,0041.pdb,1.881981,28.571429,0.000000,0.000000,0.000000
codesign_single,3QHF_Fv.pdb,L_CDR2,0017.pdb,2.055291,71.428571,0.000000,0.000000,0.000000
codesign_single,3QHF_Fv.pdb,L_CDR2,0056.pdb,1.927131,57.142857,0.000000,0.000000,0.000000
codesign_single,3QHF_Fv.pdb,L_CDR2,0063.pdb,2.011897,71.428571,0.000000,0.000000,0.000000
codesign_single,3QHF_Fv.pdb,L_CDR2,0012.pdb,2.044625,71.428571,0.000000,0.000000,0.000000
codesign_single,3QHF_Fv.pdb,L_CDR2,0029.pdb,2.018732,57.142857,0.000000,0.000000,0.000000
codesign_single,3QHF_Fv.pdb,L_CDR2,0001.pdb,1.918947,71.428571,0.000000,0.000000,0.000000
codesign_single,3QHF_Fv.pdb,L_CDR2,0071.pdb,2.000070,57.142857,0.000000,0.000000,0.000000
codesign_single,3QHF_Fv.pdb,L_CDR2,0053.pdb,1.560731,57.142857,0.000000,0.000000,0.000000
codesign_single,3QHF_Fv.pdb,L_CDR2,0085.pdb,2.069262,57.142857,0.000000,0.000000,0.000000
codesign_single,3QHF_Fv.pdb,L_CDR2,0080.pdb,1.947688,57.142857,0.000000,0.000000,0.000000
codesign_single,3QHF_Fv.pdb,L_CDR2,0016.pdb,2.198351,57.142857,0.000000,0.000000,0.000000
codesign_single,3QHF_Fv.pdb,L_CDR2,0070.pdb,2.072644,57.142857,0.000000,0.000000,0.000000
codesign_single,3QHF_Fv.pdb,L_CDR2,0086.pdb,1.798524,42.857143,0.000000,0.000000,0.000000
codesign_single,3QHF_Fv.pdb,L_CDR2,0090.pdb,2.093567,28.571429,0.000000,0.000000,0.000000
codesign_single,3QHF_Fv.pdb,L_CDR1,0035.pdb,1.484903,84.615385,0.000000,0.000000,0.000000
codesign_single,3QHF_Fv.pdb,L_CDR2,0040.pdb,2.066066,42.857143,0.000000,0.000000,0.000000
codesign_single,3QHF_Fv.pdb,L_CDR1,0075.pdb,0.973702,84.615385,0.000000,0.000000,0.000000
codesign_single,3QHF_Fv.pdb,L_CDR1,0097.pdb,1.012970,69.230769,0.000000,0.000000,0.000000
codesign_single,3QHF_Fv.pdb,L_CDR1,0078.pdb,1.243084,76.923077,0.000000,0.000000,0.000000
codesign_single,3QHF_Fv.pdb,L_CDR1,0007.pdb,0.921711,69.230769,0.000000,0.000000,0.000000
codesign_single,3QHF_Fv.pdb,L_CDR1,0076.pdb,0.593407,53.846154,0.000000,0.000000,0.000000
codesign_single,3QHF_Fv.pdb,L_CDR1,0028.pdb,0.831348,69.230769,0.000000,0.000000,0.000000
codesign_single,3QHF_Fv.pdb,L_CDR1,0087.pdb,1.049968,84.615385,0.000000,0.000000,0.000000
codesign_single,3QHF_Fv.pdb,L_CDR2,0066.pdb,1.618360,57.142857,0.000000,0.000000,0.000000
codesign_single,3QHF_Fv.pdb,L_CDR1,0084.pdb,0.608989,76.923077,0.000000,0.000000,0.000000
codesign_single,3QHF_Fv.pdb,L_CDR1,0060.pdb,1.070934,76.923077,0.000000,0.000000,0.000000
codesign_single,3QHF_Fv.pdb,L_CDR1,0092.pdb,0.670031,76.923077,0.000000,0.000000,0.000000
codesign_single,3QHF_Fv.pdb,L_CDR1,0073.pdb,1.086882,69.230769,0.000000,0.000000,0.000000
codesign_single,3QHF_Fv.pdb,L_CDR1,0015.pdb,1.648563,76.923077,0.000000,0.000000,0.000000
codesign_single,3QHF_Fv.pdb,L_CDR1,0067.pdb,1.182414,76.923077,0.000000,0.000000,0.000000
codesign_single,3QHF_Fv.pdb,L_CDR1,0079.pdb,1.134857,61.538462,0.000000,0.000000,0.000000
codesign_single,3QHF_Fv.pdb,H_CDR1,0088.pdb,1.844464,66.666667,0.000000,0.000000,0.000000
codesign_single,3QHF_Fv.pdb,H_CDR1,0031.pdb,2.135852,66.666667,0.000000,0.000000,0.000000
codesign_single,3QHF_Fv.pdb,L_CDR1,0096.pdb,0.956735,84.615385,0.000000,0.000000,0.000000
codesign_single,3QHF_Fv.pdb,L_CDR1,0066.pdb,0.987130,84.615385,0.000000,0.000000,0.000000
codesign_single,3QHF_Fv.pdb,L_CDR1,0041.pdb,0.991831,84.615385,0.000000,0.000000,0.000000
codesign_single,3QHF_Fv.pdb,L_CDR1,0017.pdb,1.015816,69.230769,0.000000,0.000000,0.000000
codesign_single,3QHF_Fv.pdb,L_CDR3,0024.pdb,1.464646,41.666667,0.000000,0.000000,0.000000
codesign_single,3QHF_Fv.pdb,H_CDR1,0083.pdb,2.325413,55.555556,0.000000,0.000000,0.000000
codesign_single,3QHF_Fv.pdb,L_CDR1,0025.pdb,0.926060,76.923077,0.000000,0.000000,0.000000
codesign_single,3QHF_Fv.pdb,L_CDR1,0085.pdb,1.032924,76.923077,0.000000,0.000000,0.000000
codesign_single,3QHF_Fv.pdb,L_CDR1,0056.pdb,0.881827,61.538462,0.000000,0.000000,0.000000
codesign_single,3QHF_Fv.pdb,L_CDR1,0022.pdb,0.899263,69.230769,0.000000,0.000000,0.000000
codesign_single,3QHF_Fv.pdb,H_CDR1,0032.pdb,1.625132,66.666667,0.000000,0.000000,0.000000
codesign_single,3QHF_Fv.pdb,L_CDR1,0016.pdb,1.266804,61.538462,0.000000,0.000000,0.000000
codesign_single,3QHF_Fv.pdb,L_CDR1,0020.pdb,0.959290,92.307692,0.000000,0.000000,0.000000
codesign_single,3QHF_Fv.pdb,L_CDR1,0021.pdb,1.164472,76.923077,0.000000,0.000000,0.000000
codesign_single,3QHF_Fv.pdb,L_CDR1,0029.pdb,1.264808,53.846154,0.000000,0.000000,0.000000
codesign_single,3QHF_Fv.pdb,L_CDR1,0090.pdb,0.989297,76.923077,0.000000,0.000000,0.000000
codesign_single,3QHF_Fv.pdb,L_CDR3,0012.pdb,1.584466,38.461538,0.000000,0.000000,0.000000
codesign_single,3QHF_Fv.pdb,L_CDR1,0038.pdb,0.927191,61.538462,0.000000,0.000000,0.000000
codesign_single,3QHF_Fv.pdb,L_CDR1,0086.pdb,0.721043,76.923077,0.000000,0.000000,0.000000
codesign_single,3QHF_Fv.pdb,L_CDR1,0023.pdb,0.669242,76.923077,0.000000,0.000000,0.000000
codesign_single,3QHF_Fv.pdb,L_CDR1,0003.pdb,1.502632,76.923077,0.000000,0.000000,0.000000
codesign_single,3QHF_Fv.pdb,L_CDR1,0013.pdb,1.007091,53.846154,0.000000,0.000000,0.000000
codesign_single,3QHF_Fv.pdb,L_CDR1,0001.pdb,1.059227,69.230769,0.000000,0.000000,0.000000
codesign_single,3QHF_Fv.pdb,L_CDR1,0024.pdb,0.890374,61.538462,0.000000,0.000000,0.000000
codesign_single,3QHF_Fv.pdb,H_CDR1,0065.pdb,1.541606,55.555556,0.000000,0.000000,0.000000
codesign_single,3QHF_Fv.pdb,L_CDR1,0082.pdb,0.834729,84.615385,0.000000,0.000000,0.000000
codesign_single,3QHF_Fv.pdb,L_CDR1,0055.pdb,2.255682,76.923077,0.000000,0.000000,0.000000
codesign_single,3QHF_Fv.pdb,H_CDR3,0066.pdb,4.624866,18.750000,0.000000,0.000000,0.000000
codesign_single,3QHF_Fv.pdb,L_CDR1,0045.pdb,0.859023,76.923077,0.000000,0.000000,0.000000
codesign_single,3QHF_Fv.pdb,L_CDR2,0047.pdb,1.930336,28.571429,0.000000,0.000000,0.000000
codesign_single,3QHF_Fv.pdb,L_CDR1,0036.pdb,1.407306,76.923077,0.000000,0.000000,0.000000
codesign_single,3QHF_Fv.pdb,L_CDR3,0057.pdb,1.847684,33.333333,0.000000,0.000000,0.000000
codesign_single,3QHF_Fv.pdb,L_CDR1,0063.pdb,0.867976,76.923077,0.000000,0.000000,0.000000
codesign_single,3QHF_Fv.pdb,L_CDR3,0002.pdb,1.646340,50.000000,0.000000,0.000000,0.000000
codesign_single,3QHF_Fv.pdb,L_CDR1,0093.pdb,1.416546,76.923077,0.000000,0.000000,0.000000
codesign_single,3QHF_Fv.pdb,L_CDR1,0030.pdb,0.763370,84.615385,0.000000,0.000000,0.000000
codesign_single,3QHF_Fv.pdb,H_CDR3,0009.pdb,4.028429,18.181818,0.000000,0.000000,0.000000
codesign_single,3QHF_Fv.pdb,H_CDR1,0096.pdb,2.542314,55.555556,0.000000,0.000000,0.000000
codesign_single,3QHF_Fv.pdb,L_CDR3,0004.pdb,1.473131,41.666667,0.000000,0.000000,0.000000
codesign_single,3QHF_Fv.pdb,L_CDR1,0034.pdb,0.878395,84.615385,0.000000,0.000000,0.000000
codesign_single,3QHF_Fv.pdb,L_CDR1,0081.pdb,1.338690,76.923077,0.000000,0.000000,0.000000
codesign_single,3QHF_Fv.pdb,L_CDR1,0077.pdb,1.012885,69.230769,0.000000,0.000000,0.000000
codesign_single,3QHF_Fv.pdb,L_CDR1,0080.pdb,0.857789,76.923077,0.000000,0.000000,0.000000
codesign_single,3QHF_Fv.pdb,H_CDR3,0006.pdb,6.570522,35.714286,0.000000,0.000000,0.000000
codesign_single,3QHF_Fv.pdb,H_CDR3,0092.pdb,4.059923,47.058824,0.000000,0.000000,0.000000
codesign_single,3QHF_Fv.pdb,L_CDR1,0058.pdb,1.319874,84.615385,0.000000,0.000000,0.000000
codesign_single,3QHF_Fv.pdb,L_CDR1,0031.pdb,0.952770,76.923077,0.000000,0.000000,0.000000
codesign_single,3QHF_Fv.pdb,L_CDR1,0051.pdb,1.327600,84.615385,0.000000,0.000000,0.000000
codesign_single,3QHF_Fv.pdb,L_CDR1,0088.pdb,1.443673,76.923077,0.000000,0.000000,0.000000
codesign_single,3QHF_Fv.pdb,L_CDR1,0012.pdb,0.928590,76.923077,0.000000,0.000000,0.000000
codesign_single,3QHF_Fv.pdb,L_CDR1,0071.pdb,0.890586,84.615385,0.000000,0.000000,0.000000
codesign_single,3QHF_Fv.pdb,L_CDR1,0026.pdb,1.033449,69.230769,0.000000,0.000000,0.000000
codesign_single,3QHF_Fv.pdb,H_CDR1,0081.pdb,2.177238,66.666667,0.000000,0.000000,0.000000
codesign_single,3QHF_Fv.pdb,L_CDR1,0070.pdb,1.043873,69.230769,0.000000,0.000000,0.000000
codesign_single,3QHF_Fv.pdb,L_CDR1,0037.pdb,0.960685,84.615385,0.000000,0.000000,0.000000
codesign_single,3QHF_Fv.pdb,L_CDR1,0009.pdb,0.977672,84.615385,0.000000,0.000000,0.000000
codesign_single,3QHF_Fv.pdb,L_CDR1,0010.pdb,0.675135,76.923077,0.000000,0.000000,0.000000
codesign_single,3QHF_Fv.pdb,L_CDR1,0083.pdb,0.794907,76.923077,0.000000,0.000000,0.000000
codesign_single,3QHF_Fv.pdb,L_CDR1,0005.pdb,0.871373,76.923077,0.000000,0.000000,0.000000
codesign_single,3QHF_Fv.pdb,L_CDR1,0057.pdb,0.857082,69.230769,0.000000,0.000000,0.000000
codesign_single,3QHF_Fv.pdb,H_CDR1,0016.pdb,1.980232,55.555556,0.000000,0.000000,0.000000
codesign_single,3QHF_Fv.pdb,L_CDR1,0099.pdb,0.837233,69.230769,0.000000,0.000000,0.000000
codesign_single,3QHF_Fv.pdb,L_CDR1,0032.pdb,0.969286,76.923077,0.000000,0.000000,0.000000
codesign_single,3QHF_Fv.pdb,L_CDR1,0006.pdb,0.879420,76.923077,0.000000,0.000000,0.000000
codesign_single,3QHF_Fv.pdb,L_CDR1,0040.pdb,0.650293,84.615385,0.000000,0.000000,0.000000
codesign_single,3QHF_Fv.pdb,L_CDR1,0008.pdb,0.861447,69.230769,0.000000,0.000000,0.000000
codesign_single,3QHF_Fv.pdb,L_CDR1,0061.pdb,0.845770,69.230769,0.000000,0.000000,0.000000
codesign_single,3QHF_Fv.pdb,L_CDR1,0048.pdb,0.803162,92.307692,0.000000,0.000000,0.000000
codesign_single,3QHF_Fv.pdb,L_CDR1,0089.pdb,1.166829,84.615385,0.000000,0.000000,0.000000
codesign_single,3QHF_Fv.pdb,L_CDR1,0033.pdb,1.111735,76.923077,0.000000,0.000000,0.000000
codesign_single,3QHF_Fv.pdb,H_CDR3,0021.pdb,2.863559,43.750000,0.000000,0.000000,0.000000
codesign_single,3QHF_Fv.pdb,L_CDR2,0046.pdb,2.018581,75.000000,0.000000,0.000000,0.000000
codesign_single,3QHF_Fv.pdb,H_CDR2,0064.pdb,0.471702,20.000000,0.000000,0.000000,0.000000
codesign_single,3QHF_Fv.pdb,L_CDR1,0095.pdb,1.202406,84.615385,0.000000,0.000000,0.000000
codesign_single,3QHF_Fv.pdb,L_CDR1,0091.pdb,1.067342,84.615385,0.000000,0.000000,0.000000
codesign_single,3QHF_Fv.pdb,H_CDR2,0050.pdb,0.772074,0.000000,0.000000,0.000000,0.000000
codesign_single,3QHF_Fv.pdb,H_CDR1,0098.pdb,2.159048,44.444444,0.000000,0.000000,0.000000
codesign_single,3QHF_Fv.pdb,H_CDR2,0044.pdb,0.707166,0.000000,0.000000,0.000000,0.000000
codesign_single,3QHF_Fv.pdb,L_CDR1,0069.pdb,1.072021,84.615385,0.000000,0.000000,0.000000
codesign_single,3QHF_Fv.pdb,L_CDR3,0063.pdb,1.486471,41.666667,0.000000,0.000000,0.000000
codesign_single,3QHF_Fv.pdb,L_CDR1,0098.pdb,1.023212,69.230769,0.000000,0.000000,0.000000
codesign_single,3QHF_Fv.pdb,H_CDR1,0067.pdb,1.224540,66.666667,0.000000,0.000000,0.000000
codesign_single,3QHF_Fv.pdb,H_CDR3,0001.pdb,4.107933,25.000000,0.000000,0.000000,0.000000
codesign_single,3QHF_Fv.pdb,L_CDR2,0081.pdb,1.995699,57.142857,0.000000,0.000000,0.000000
codesign_single,3QHF_Fv.pdb,H_CDR2,0098.pdb,0.667713,11.111111,0.000000,0.000000,0.000000
codesign_single,3QHF_Fv.pdb,L_CDR1,0046.pdb,0.996699,84.615385,0.000000,0.000000,0.000000
codesign_single,3QHF_Fv.pdb,L_CDR1,0039.pdb,0.805722,61.538462,0.000000,0.000000,0.000000
codesign_single,3QHF_Fv.pdb,H_CDR2,0006.pdb,0.373960,0.000000,0.000000,0.000000,0.000000
codesign_single,3QHF_Fv.pdb,L_CDR1,0065.pdb,0.994940,76.923077,0.000000,0.000000,0.000000
codesign_single,3QHF_Fv.pdb,H_CDR2,0021.pdb,0.510408,50.000000,0.000000,0.000000,0.000000
codesign_single,3QHF_Fv.pdb,H_CDR2,0054.pdb,0.959451,0.000000,0.000000,0.000000,0.000000
codesign_single,3QHF_Fv.pdb,H_CDR2,0049.pdb,0.593197,16.666667,0.000000,0.000000,0.000000
codesign_single,3QHF_Fv.pdb,L_CDR1,0019.pdb,1.305746,69.230769,0.000000,0.000000,0.000000
codesign_single,3QHF_Fv.pdb,L_CDR1,0004.pdb,1.088548,69.230769,0.000000,0.000000,0.000000
codesign_single,3QHF_Fv.pdb,L_CDR1,0053.pdb,1.329651,84.615385,0.000000,0.000000,0.000000
codesign_single,3QHF_Fv.pdb,L_CDR2,0065.pdb,2.012802,42.857143,0.000000,0.000000,0.000000
codesign_single,3QHF_Fv.pdb,H_CDR2,0072.pdb,0.260008,0.000000,0.000000,0.000000,0.000000
codesign_single,3QHF_Fv.pdb,L_CDR1,0047.pdb,0.807221,53.846154,0.000000,0.000000,0.000000
codesign_single,3QHF_Fv.pdb,L_CDR1,0014.pdb,1.029979,69.230769,0.000000,0.000000,0.000000
codesign_single,3QHF_Fv.pdb,L_CDR1,0059.pdb,1.383527,61.538462,0.000000,0.000000,0.000000
codesign_single,3QHF_Fv.pdb,L_CDR1,0052.pdb,1.100824,76.923077,0.000000,0.000000,0.000000
codesign_single,3QHF_Fv.pdb,H_CDR2,0073.pdb,1.016764,0.000000,0.000000,0.000000,0.000000
codesign_single,3QHF_Fv.pdb,H_CDR1,0073.pdb,1.952489,55.555556,0.000000,0.000000,0.000000
codesign_single,3QHF_Fv.pdb,L_CDR1,0068.pdb,0.788646,69.230769,0.000000,0.000000,0.000000
codesign_single,3QHF_Fv.pdb,L_CDR1,0043.pdb,0.970138,76.923077,0.000000,0.000000,0.000000
codesign_single,3QHF_Fv.pdb,H_CDR2,0035.pdb,0.501190,16.666667,0.000000,0.000000,0.000000
codesign_single,3QHF_Fv.pdb,L_CDR3,0051.pdb,1.550046,50.000000,0.000000,0.000000,0.000000
codesign_single,3QHF_Fv.pdb,H_CDR2,0062.pdb,0.584253,0.000000,0.000000,0.000000,0.000000
codesign_single,3QHF_Fv.pdb,H_CDR3,0041.pdb,4.440083,21.052632,0.000000,0.000000,0.000000
codesign_single,3QHF_Fv.pdb,H_CDR1,0013.pdb,1.908810,66.666667,0.000000,0.000000,0.000000
codesign_single,3QHF_Fv.pdb,H_CDR2,0018.pdb,0.438112,0.000000,0.000000,0.000000,0.000000
codesign_single,3QHF_Fv.pdb,H_CDR2,0011.pdb,0.441996,0.000000,0.000000,0.000000,0.000000
codesign_single,3QHF_Fv.pdb,L_CDR1,0042.pdb,0.639900,69.230769,0.000000,0.000000,0.000000
codesign_single,3QHF_Fv.pdb,L_CDR1,0074.pdb,0.729614,84.615385,0.000000,0.000000,0.000000
codesign_single,3QHF_Fv.pdb,H_CDR2,0027.pdb,0.395242,0.000000,0.000000,0.000000,0.000000
codesign_single,3QHF_Fv.pdb,L_CDR2,0045.pdb,2.093643,42.857143,0.000000,0.000000,0.000000
codesign_single,3QHF_Fv.pdb,H_CDR1,0072.pdb,2.176414,66.666667,0.000000,0.000000,0.000000
codesign_single,3QHF_Fv.pdb,L_CDR1,0064.pdb,0.900104,61.538462,0.000000,0.000000,0.000000
codesign_single,3QHF_Fv.pdb,H_CDR2,0094.pdb,0.553378,0.000000,0.000000,0.000000,0.000000
codesign_single,3QHF_Fv.pdb,L_CDR3,0071.pdb,1.780978,33.333333,0.000000,0.000000,0.000000
codesign_single,3QHF_Fv.pdb,H_CDR2,0002.pdb,0.403980,0.000000,0.000000,0.000000,0.000000
codesign_single,3QHF_Fv.pdb,H_CDR2,0084.pdb,0.479767,33.333333,0.000000,0.000000,0.000000
codesign_single,3QHF_Fv.pdb,H_CDR2,0097.pdb,0.365596,20.000000,0.000000,0.000000,0.000000
codesign_single,3QHF_Fv.pdb,H_CDR2,0026.pdb,0.788912,0.000000,0.000000,0.000000,0.000000
codesign_single,3QHF_Fv.pdb,H_CDR2,0003.pdb,0.415284,20.000000,0.000000,0.000000,0.000000
codesign_single,3QHF_Fv.pdb,H_CDR2,0033.pdb,0.397896,20.000000,0.000000,0.000000,0.000000
codesign_single,3QHF_Fv.pdb,H_CDR2,0022.pdb,0.691531,0.000000,0.000000,0.000000,0.000000
codesign_single,3QHF_Fv.pdb,L_CDR3,0072.pdb,1.344902,58.333333,0.000000,0.000000,0.000000
codesign_single,3QHF_Fv.pdb,H_CDR2,0075.pdb,1.211212,16.666667,0.000000,0.000000,0.000000
codesign_single,3QHF_Fv.pdb,H_CDR2,0024.pdb,0.529429,0.000000,0.000000,0.000000,0.000000
codesign_single,3QHF_Fv.pdb,H_CDR2,0077.pdb,0.890067,0.000000,0.000000,0.000000,0.000000
codesign_single,3QHF_Fv.pdb,H_CDR2,0007.pdb,0.641957,40.000000,0.000000,0.000000,0.000000
codesign_single,3QHF_Fv.pdb,L_CDR2,0043.pdb,1.657412,85.714286,0.000000,0.000000,0.000000
codesign_single,3QHF_Fv.pdb,H_CDR2,0082.pdb,0.431276,14.285714,0.000000,0.000000,0.000000
codesign_single,3QHF_Fv.pdb,L_CDR3,0069.pdb,1.424792,41.666667,0.000000,0.000000,0.000000
codesign_single,3QHF_Fv.pdb,H_CDR2,0076.pdb,0.248489,16.666667,0.000000,0.000000,0.000000
codesign_single,3QHF_Fv.pdb,H_CDR2,0025.pdb,0.661371,0.000000,0.000000,0.000000,0.000000
codesign_single,3QHF_Fv.pdb,H_CDR2,0000.pdb,0.503317,20.000000,0.000000,0.000000,0.000000
codesign_single,3QHF_Fv.pdb,H_CDR2,0015.pdb,1.418772,20.000000,0.000000,0.000000,0.000000
codesign_single,3QHF_Fv.pdb,H_CDR1,0044.pdb,2.446632,66.666667,0.000000,0.000000,0.000000
codesign_single,3QHF_Fv.pdb,H_CDR2,0028.pdb,0.314492,11.111111,0.000000,0.000000,0.000000
codesign_single,3QHF_Fv.pdb,H_CDR2,0078.pdb,0.388111,33.333333,0.000000,0.000000,0.000000
codesign_single,3QHF_Fv.pdb,L_CDR2,0091.pdb,1.928668,57.142857,0.000000,0.000000,0.000000
codesign_single,3QHF_Fv.pdb,H_CDR1,0074.pdb,2.126969,77.777778,0.000000,0.000000,0.000000
codesign_single,3QHF_Fv.pdb,H_CDR2,0060.pdb,0.368752,0.000000,0.000000,0.000000,0.000000
codesign_single,3QHF_Fv.pdb,H_CDR2,0051.pdb,0.579059,20.000000,0.000000,0.000000,0.000000
codesign_single,3QHF_Fv.pdb,H_CDR2,0055.pdb,0.695402,16.666667,0.000000,0.000000,0.000000
codesign_single,3QHF_Fv.pdb,L_CDR3,0016.pdb,1.737166,33.333333,0.000000,0.000000,0.000000
codesign_single,3QHF_Fv.pdb,H_CDR1,0025.pdb,2.446124,55.555556,0.000000,0.000000,0.000000
codesign_single,3QHF_Fv.pdb,H_CDR1,0021.pdb,1.474987,66.666667,0.000000,0.000000,0.000000
codesign_single,3QHF_Fv.pdb,H_CDR3,0075.pdb,3.617991,20.000000,0.000000,0.000000,0.000000
codesign_single,3QHF_Fv.pdb,H_CDR2,0085.pdb,0.565888,16.666667,0.000000,0.000000,0.000000
codesign_single,3QHF_Fv.pdb,H_CDR2,0087.pdb,0.739035,16.666667,0.000000,0.000000,0.000000
codesign_single,3QHF_Fv.pdb,L_CDR3,0008.pdb,1.076980,33.333333,0.000000,0.000000,0.000000
codesign_single,3QHF_Fv.pdb,H_CDR1,0045.pdb,1.720108,44.444444,0.000000,0.000000,0.000000
codesign_single,3QHF_Fv.pdb,H_CDR2,0096.pdb,0.583750,0.000000,0.000000,0.000000,0.000000
codesign_single,3QHF_Fv.pdb,H_CDR2,0092.pdb,0.841588,20.000000,0.000000,0.000000,0.000000
codesign_single,3QHF_Fv.pdb,H_CDR2,0045.pdb,0.596051,11.111111,0.000000,0.000000,0.000000
codesign_single,3QHF_Fv.pdb,H_CDR2,0004.pdb,0.585526,0.000000,0.000000,0.000000,0.000000
codesign_single,3QHF_Fv.pdb,H_CDR2,0029.pdb,0.621476,16.666667,0.000000,0.000000,0.000000
codesign_single,3QHF_Fv.pdb,L_CDR3,0017.pdb,1.105499,33.333333,0.000000,0.000000,0.000000
codesign_single,3QHF_Fv.pdb,H_CDR1,0033.pdb,1.353041,33.333333,0.000000,0.000000,0.000000
codesign_single,3QHF_Fv.pdb,H_CDR1,0091.pdb,1.974629,66.666667,0.000000,0.000000,0.000000
codesign_single,3QHF_Fv.pdb,H_CDR2,0034.pdb,0.850588,0.000000,0.000000,0.000000,0.000000
codesign_single,3QHF_Fv.pdb,H_CDR2,0036.pdb,0.684587,16.666667,0.000000,0.000000,0.000000
codesign_single,3QHF_Fv.pdb,H_CDR2,0013.pdb,0.442034,0.000000,0.000000,0.000000,0.000000
codesign_single,3QHF_Fv.pdb,H_CDR2,0053.pdb,0.301077,14.285714,0.000000,0.000000,0.000000
codesign_single,3QHF_Fv.pdb,H_CDR2,0041.pdb,0.315525,14.285714,0.000000,0.000000,0.000000
codesign_single,3QHF_Fv.pdb,L_CDR2,0096.pdb,2.021595,71.428571,0.000000,0.000000,0.000000
codesign_single,3QHF_Fv.pdb,H_CDR2,0063.pdb,0.741358,0.000000,0.000000,0.000000,0.000000
codesign_single,3QHF_Fv.pdb,H_CDR3,0031.pdb,6.189651,15.000000,0.000000,0.000000,0.000000
codesign_single,3QHF_Fv.pdb,L_CDR1,0062.pdb,1.244911,69.230769,0.000000,0.000000,0.000000
codesign_single,3QHF_Fv.pdb,H_CDR1,0006.pdb,2.309494,55.555556,0.000000,0.000000,0.000000
codesign_single,3QHF_Fv.pdb,H_CDR3,0008.pdb,3.774800,27.777778,0.000000,0.000000,0.000000
codesign_single,3QHF_Fv.pdb,H_CDR2,0081.pdb,0.442698,0.000000,0.000000,0.000000,0.000000
codesign_single,3QHF_Fv.pdb,H_CDR1,0049.pdb,1.579061,55.555556,0.000000,0.000000,0.000000
codesign_single,3QHF_Fv.pdb,H_CDR2,0017.pdb,0.693978,20.000000,0.000000,0.000000,0.000000
codesign_single,3QHF_Fv.pdb,H_CDR2,0031.pdb,0.545980,0.000000,0.000000,0.000000,0.000000
codesign_single,3QHF_Fv.pdb,H_CDR2,0056.pdb,0.347097,0.000000,0.000000,0.000000,0.000000
codesign_single,3QHF_Fv.pdb,H_CDR2,0037.pdb,0.841178,0.000000,0.000000,0.000000,0.000000
codesign_single,3QHF_Fv.pdb,H_CDR2,0079.pdb,0.355386,0.000000,0.000000,0.000000,0.000000
codesign_single,3QHF_Fv.pdb,H_CDR2,0014.pdb,0.335980,20.000000,0.000000,0.000000,0.000000
codesign_single,3QHF_Fv.pdb,H_CDR2,0058.pdb,0.413518,0.000000,0.000000,0.000000,0.000000
codesign_single,3QHF_Fv.pdb,H_CDR2,0020.pdb,0.272301,16.666667,0.000000,0.000000,0.000000
codesign_single,3QHF_Fv.pdb,H_CDR2,0023.pdb,0.725720,20.000000,0.000000,0.000000,0.000000
codesign_single,3QHF_Fv.pdb,H_CDR2,0067.pdb,0.985633,0.000000,0.000000,0.000000,0.000000
codesign_single,3QHF_Fv.pdb,H_CDR2,0030.pdb,0.921833,16.666667,0.000000,0.000000,0.000000
codesign_single,3QHF_Fv.pdb,L_CDR3,0045.pdb,2.104233,58.333333,0.000000,0.000000,0.000000
codesign_single,3QHF_Fv.pdb,H_CDR2,0091.pdb,0.666835,16.666667,0.000000,0.000000,0.000000
codesign_single,3QHF_Fv.pdb,H_CDR2,0040.pdb,0.605701,0.000000,0.000000,0.000000,0.000000
codesign_single,3QHF_Fv.pdb,H_CDR2,0001.pdb,0.284253,0.000000,0.000000,0.000000,0.000000
codesign_single,3QHF_Fv.pdb,H_CDR2,0066.pdb,0.604062,0.000000,0.000000,0.000000,0.000000
codesign_single,3QHF_Fv.pdb,H_CDR3,0035.pdb,2.537458,20.000000,0.000000,0.000000,0.000000
codesign_single,3QHF_Fv.pdb,H_CDR2,0005.pdb,0.555639,16.666667,0.000000,0.000000,0.000000
codesign_single,3QHF_Fv.pdb,H_CDR2,0038.pdb,1.062980,0.000000,0.000000,0.000000,0.000000
codesign_single,3QHF_Fv.pdb,H_CDR1,0012.pdb,2.338932,77.777778,0.000000,0.000000,0.000000
codesign_single,3QHF_Fv.pdb,H_CDR2,0009.pdb,0.440163,0.000000,0.000000,0.000000,0.000000
codesign_single,3QHF_Fv.pdb,H_CDR2,0090.pdb,0.488762,0.000000,0.000000,0.000000,0.000000
codesign_single,3QHF_Fv.pdb,H_CDR2,0052.pdb,0.670613,20.000000,0.000000,0.000000,0.000000
codesign_single,3QHF_Fv.pdb,H_CDR2,0074.pdb,0.478289,16.666667,0.000000,0.000000,0.000000
codesign_single,3QHF_Fv.pdb,H_CDR3,0026.pdb,5.505833,20.000000,0.000000,0.000000,0.000000
codesign_single,3QHF_Fv.pdb,H_CDR2,0016.pdb,0.570388,16.666667,0.000000,0.000000,0.000000
codesign_single,3QHF_Fv.pdb,H_CDR2,0012.pdb,0.640225,11.111111,0.000000,0.000000,0.000000
codesign_single,3QHF_Fv.pdb,H_CDR2,0070.pdb,0.537489,0.000000,0.000000,0.000000,0.000000
codesign_single,3QHF_Fv.pdb,L_CDR3,0025.pdb,1.536943,58.333333,0.000000,0.000000,0.000000
codesign_single,3QHF_Fv.pdb,H_CDR2,0069.pdb,0.441595,11.111111,0.000000,0.000000,0.000000
codesign_single,3QHF_Fv.pdb,H_CDR2,0042.pdb,0.352729,0.000000,0.000000,0.000000,0.000000
codesign_single,3QHF_Fv.pdb,H_CDR2,0086.pdb,0.828013,0.000000,0.000000,0.000000,0.000000
codesign_single,3QHF_Fv.pdb,L_CDR2,0037.pdb,1.981320,57.142857,0.000000,0.000000,0.000000
codesign_single,3QHF_Fv.pdb,H_CDR2,0043.pdb,0.258808,0.000000,0.000000,0.000000,0.000000
codesign_single,3QHF_Fv.pdb,H_CDR2,0019.pdb,0.306015,16.666667,0.000000,0.000000,0.000000
codesign_single,3QHF_Fv.pdb,H_CDR2,0095.pdb,0.328884,0.000000,0.000000,0.000000,0.000000
codesign_single,3QHF_Fv.pdb,H_CDR2,0068.pdb,0.276924,0.000000,0.000000,0.000000,0.000000
codesign_single,3QHF_Fv.pdb,H_CDR2,0046.pdb,0.380847,20.000000,0.000000,0.000000,0.000000
codesign_single,3QHF_Fv.pdb,L_CDR3,0092.pdb,1.680796,46.153846,0.000000,0.000000,0.000000
codesign_single,3QHF_Fv.pdb,H_CDR1,0023.pdb,1.843821,55.555556,0.000000,0.000000,0.000000
codesign_single,3QHF_Fv.pdb,H_CDR2,0032.pdb,0.751515,0.000000,0.000000,0.000000,0.000000
codesign_single,3QHF_Fv.pdb,H_CDR2,0048.pdb,0.537061,0.000000,0.000000,0.000000,0.000000
codesign_single,3QHF_Fv.pdb,H_CDR2,0065.pdb,0.666723,0.000000,0.000000,0.000000,0.000000
codesign_single,3QHF_Fv.pdb,H_CDR2,0008.pdb,0.328156,0.000000,0.000000,0.000000,0.000000
codesign_single,3QHF_Fv.pdb,H_CDR2,0099.pdb,0.533991,33.333333,0.000000,0.000000,0.000000
codesign_single,3QHF_Fv.pdb,H_CDR2,0039.pdb,0.577056,0.000000,0.000000,0.000000,0.000000
codesign_single,3QHF_Fv.pdb,H_CDR2,0080.pdb,0.594437,0.000000,0.000000,0.000000,0.000000
codesign_single,3QHF_Fv.pdb,H_CDR2,0061.pdb,0.992898,16.666667,0.000000,0.000000,0.000000
codesign_single,3QHF_Fv.pdb,H_CDR2,0088.pdb,0.623518,0.000000,0.000000,0.000000,0.000000
codesign_single,3QHF_Fv.pdb,H_CDR1,0005.pdb,1.765507,44.444444,0.000000,0.000000,0.000000
codesign_single,3QHF_Fv.pdb,H_CDR2,0010.pdb,1.230709,0.000000,0.000000,0.000000,0.000000
codesign_single,3QHF_Fv.pdb,H_CDR2,0047.pdb,0.337211,0.000000,0.000000,0.000000,0.000000
codesign_single,3QHF_Fv.pdb,H_CDR2,0083.pdb,0.453993,0.000000,0.000000,0.000000,0.000000
codesign_single,3QHF_Fv.pdb,H_CDR2,0057.pdb,0.471656,11.111111,0.000000,0.000000,0.000000
codesign_single,3QHF_Fv.pdb,L_CDR3,0010.pdb,1.991983,50.000000,0.000000,0.000000,0.000000
codesign_single,3QHF_Fv.pdb,H_CDR3,0096.pdb,5.859211,3.846154,0.000000,0.000000,0.000000
codesign_single,3QHF_Fv.pdb,H_CDR1,0022.pdb,2.077366,66.666667,0.000000,0.000000,0.000000
codesign_single,3QHF_Fv.pdb,H_CDR2,0093.pdb,0.292077,0.000000,0.000000,0.000000,0.000000
codesign_single,3QHF_Fv.pdb,L_CDR3,0019.pdb,1.396742,41.666667,0.000000,0.000000,0.000000
codesign_single,3QHF_Fv.pdb,H_CDR2,0071.pdb,0.555504,40.000000,0.000000,0.000000,0.000000
codesign_single,3QHF_Fv.pdb,L_CDR2,0032.pdb,1.921979,57.142857,0.000000,0.000000,0.000000
codesign_single,3QHF_Fv.pdb,H_CDR1,0090.pdb,1.885461,77.777778,0.000000,0.000000,0.000000
codesign_single,3QHF_Fv.pdb,L_CDR2,0095.pdb,1.757748,71.428571,0.000000,0.000000,0.000000
codesign_single,3QHF_Fv.pdb,L_CDR1,0011.pdb,0.673797,76.923077,0.000000,0.000000,0.000000
codesign_single,3QHF_Fv.pdb,H_CDR3,0073.pdb,4.011443,33.333333,0.000000,0.000000,0.000000
codesign_single,3QHF_Fv.pdb,H_CDR2,0059.pdb,0.558830,16.666667,0.000000,0.000000,0.000000
codesign_single,3QHF_Fv.pdb,L_CDR2,0030.pdb,1.999756,57.142857,0.000000,0.000000,0.000000
codesign_single,3QHF_Fv.pdb,L_CDR3,0038.pdb,1.640032,25.000000,0.000000,0.000000,0.000000
codesign_single,3QHF_Fv.pdb,H_CDR2,0089.pdb,0.548680,20.000000,0.000000,0.000000,0.000000
codesign_single,3QHF_Fv.pdb,L_CDR3,0078.pdb,1.973645,58.333333,0.000000,0.000000,0.000000
codesign_single,3QHF_Fv.pdb,H_CDR1,0079.pdb,2.037660,33.333333,0.000000,0.000000,0.000000
codesign_single,3QHF_Fv.pdb,L_CDR1,0054.pdb,1.056457,76.923077,0.000000,0.000000,0.000000
codesign_single,3QHF_Fv.pdb,L_CDR3,0066.pdb,1.140424,33.333333,0.000000,0.000000,0.000000
codesign_single,3QHF_Fv.pdb,H_CDR3,0044.pdb,6.993271,18.181818,0.000000,0.000000,0.000000
codesign_single,3QHF_Fv.pdb,H_CDR1,0038.pdb,1.512937,66.666667,0.000000,0.000000,0.000000
codesign_single,3QHF_Fv.pdb,L_CDR2,0088.pdb,1.751446,57.142857,0.000000,0.000000,0.000000
codesign_single,3QHF_Fv.pdb,L_CDR1,0044.pdb,0.636313,76.923077,0.000000,0.000000,0.000000
codesign_single,3QHF_Fv.pdb,H_CDR1,0085.pdb,1.554948,55.555556,0.000000,0.000000,0.000000
codesign_single,3QHF_Fv.pdb,L_CDR1,0018.pdb,0.984305,76.923077,0.000000,0.000000,0.000000
codesign_single,3QHF_Fv.pdb,H_CDR1,0051.pdb,1.814907,55.555556,0.000000,0.000000,0.000000
codesign_single,3QHF_Fv.pdb,H_CDR3,0025.pdb,2.341480,3.703704,0.000000,0.000000,0.000000
codesign_single,3QHF_Fv.pdb,L_CDR2,0042.pdb,1.646784,57.142857,0.000000,0.000000,0.000000
codesign_single,3QHF_Fv.pdb,H_CDR1,0007.pdb,1.328298,55.555556,0.000000,0.000000,0.000000
codesign_single,3QHF_Fv.pdb,L_CDR3,0052.pdb,1.166936,33.333333,0.000000,0.000000,0.000000
codesign_single,3QHF_Fv.pdb,H_CDR1,0077.pdb,2.028077,55.555556,0.000000,0.000000,0.000000
codesign_single,3QHF_Fv.pdb,L_CDR3,0073.pdb,1.649828,33.333333,0.000000,0.000000,0.000000
codesign_single,3QHF_Fv.pdb,H_CDR1,0008.pdb,2.072677,66.666667,0.000000,0.000000,0.000000
codesign_single,3QHF_Fv.pdb,H_CDR1,0015.pdb,1.799788,77.777778,0.000000,0.000000,0.000000
codesign_single,3QHF_Fv.pdb,H_CDR1,0003.pdb,1.809959,44.444444,0.000000,0.000000,0.000000
codesign_single,3QHF_Fv.pdb,H_CDR3,0064.pdb,5.044064,20.000000,0.000000,0.000000,0.000000
codesign_single,3QHF_Fv.pdb,L_CDR3,0083.pdb,1.400283,50.000000,0.000000,0.000000,0.000000
codesign_single,3QHF_Fv.pdb,L_CDR2,0057.pdb,2.178655,85.714286,0.000000,0.000000,0.000000
codesign_single,3QHF_Fv.pdb,L_CDR3,0099.pdb,1.123002,50.000000,0.000000,0.000000,0.000000
codesign_single,3QHF_Fv.pdb,L_CDR3,0035.pdb,1.474855,41.666667,0.000000,0.000000,0.000000
codesign_single,3QHF_Fv.pdb,L_CDR3,0055.pdb,1.805889,33.333333,0.000000,0.000000,0.000000
codesign_single,3QHF_Fv.pdb,L_CDR3,0014.pdb,1.239208,41.666667,0.000000,0.000000,0.000000
codesign_single,3QHF_Fv.pdb,H_CDR1,0010.pdb,2.494677,55.555556,0.000000,0.000000,0.000000
codesign_single,3QHF_Fv.pdb,H_CDR1,0035.pdb,1.648562,44.444444,0.000000,0.000000,0.000000
codesign_single,3QHF_Fv.pdb,L_CDR3,0067.pdb,1.064402,50.000000,0.000000,0.000000,0.000000
codesign_single,3QHF_Fv.pdb,H_CDR1,0094.pdb,2.375158,44.444444,0.000000,0.000000,0.000000
codesign_single,3QHF_Fv.pdb,H_CDR1,0039.pdb,1.941014,66.666667,0.000000,0.000000,0.000000
codesign_single,3QHF_Fv.pdb,H_CDR1,0017.pdb,1.328943,44.444444,0.000000,0.000000,0.000000
codesign_single,3QHF_Fv.pdb,H_CDR1,0076.pdb,1.336472,55.555556,0.000000,0.000000,0.000000
codesign_single,3QHF_Fv.pdb,L_CDR2,0010.pdb,1.686081,42.857143,0.000000,0.000000,0.000000
codesign_single,3QHF_Fv.pdb,L_CDR3,0049.pdb,1.980307,41.666667,0.000000,0.000000,0.000000
codesign_single,3QHF_Fv.pdb,H_CDR1,0086.pdb,1.860505,55.555556,0.000000,0.000000,0.000000
codesign_single,3QHF_Fv.pdb,H_CDR3,0098.pdb,5.815835,15.000000,0.000000,0.000000,0.000000
codesign_single,3QHF_Fv.pdb,L_CDR2,0052.pdb,2.013711,57.142857,0.000000,0.000000,0.000000
codesign_single,3QHF_Fv.pdb,L_CDR3,0093.pdb,0.936392,50.000000,0.000000,0.000000,0.000000
codesign_single,3QHF_Fv.pdb,L_CDR3,0095.pdb,1.783140,33.333333,0.000000,0.000000,0.000000
codesign_single,3QHF_Fv.pdb,L_CDR2,0005.pdb,1.865528,85.714286,0.000000,0.000000,0.000000
codesign_single,3QHF_Fv.pdb,H_CDR3,0097.pdb,2.752177,41.176471,0.000000,0.000000,0.000000
codesign_single,3QHF_Fv.pdb,L_CDR3,0081.pdb,1.674657,33.333333,0.000000,0.000000,0.000000
codesign_single,3QHF_Fv.pdb,L_CDR2,0068.pdb,1.867243,42.857143,0.000000,0.000000,0.000000
codesign_single,3QHF_Fv.pdb,H_CDR1,0000.pdb,2.764393,55.555556,0.000000,0.000000,0.000000
codesign_single,3QHF_Fv.pdb,L_CDR2,0083.pdb,1.872698,85.714286,0.000000,0.000000,0.000000
codesign_single,3QHF_Fv.pdb,L_CDR2,0008.pdb,1.919521,62.500000,0.000000,0.000000,0.000000
codesign_single,3QHF_Fv.pdb,L_CDR2,0013.pdb,1.793455,62.500000,0.000000,0.000000,0.000000
codesign_single,3QHF_Fv.pdb,L_CDR3,0060.pdb,1.415670,50.000000,0.000000,0.000000,0.000000
codesign_single,3QHF_Fv.pdb,L_CDR2,0069.pdb,1.962486,71.428571,0.000000,0.000000,0.000000
codesign_single,3QHF_Fv.pdb,L_CDR2,0058.pdb,1.846022,71.428571,0.000000,0.000000,0.000000
codesign_single,3QHF_Fv.pdb,L_CDR2,0074.pdb,1.911802,57.142857,0.000000,0.000000,0.000000
codesign_single,3QHF_Fv.pdb,L_CDR2,0093.pdb,2.131880,28.571429,0.000000,0.000000,0.000000
codesign_single,3QHF_Fv.pdb,L_CDR2,0036.pdb,2.010767,42.857143,0.000000,0.000000,0.000000
codesign_single,3QHF_Fv.pdb,L_CDR2,0059.pdb,1.983732,57.142857,0.000000,0.000000,0.000000
codesign_single,3QHF_Fv.pdb,L_CDR1,0049.pdb,1.113937,76.923077,0.000000,0.000000,0.000000
codesign_single,3QHF_Fv.pdb,L_CDR2,0014.pdb,1.729555,57.142857,0.000000,0.000000,0.000000
codesign_single,3QHF_Fv.pdb,L_CDR2,0089.pdb,1.824623,71.428571,0.000000,0.000000,0.000000
codesign_single,3QHF_Fv.pdb,L_CDR1,0027.pdb,0.941126,76.923077,0.000000,0.000000,0.000000
codesign_single,3QHF_Fv.pdb,L_CDR2,0061.pdb,2.074888,57.142857,0.000000,0.000000,0.000000
codesign_single,3QHF_Fv.pdb,L_CDR2,0099.pdb,2.038241,71.428571,0.000000,0.000000,0.000000
codesign_single,3QHF_Fv.pdb,L_CDR2,0048.pdb,2.215026,42.857143,0.000000,0.000000,0.000000
codesign_single,3QHF_Fv.pdb,L_CDR2,0034.pdb,2.061913,62.500000,0.000000,0.000000,0.000000
codesign_single,3QHF_Fv.pdb,L_CDR2,0019.pdb,1.745380,42.857143,0.000000,0.000000,0.000000
codesign_single,3QHF_Fv.pdb,L_CDR1,0094.pdb,0.713857,69.230769,0.000000,0.000000,0.000000
codesign_single,3QHF_Fv.pdb,L_CDR1,0050.pdb,1.033169,84.615385,0.000000,0.000000,0.000000
codesign_single,3QHF_Fv.pdb,L_CDR2,0038.pdb,2.320862,42.857143,0.000000,0.000000,0.000000
codesign_single,3QHF_Fv.pdb,L_CDR1,0002.pdb,0.874913,76.923077,0.000000,0.000000,0.000000
codesign_single,3QHF_Fv.pdb,L_CDR2,0039.pdb,1.969273,42.857143,0.000000,0.000000,0.000000
codesign_single,3QHF_Fv.pdb,L_CDR1,0000.pdb,0.700738,76.923077,0.000000,0.000000,0.000000
codesign_single,3QHF_Fv.pdb,L_CDR1,0072.pdb,0.702487,61.538462,0.000000,0.000000,0.000000
